{
  "marketing_stripe": {
    "text": "Site exclusivo para Empresas (CNPJ)",
    "link": "",
    "color": "#482973",
    "background": "#f2f2f2"
  },
  "contacts_stripe": {
    "pages": [
      {
        "title": "Sobre nós",
        "link": "/pages/sobre-nos"
      }
    ],
    "phone_wpp": true,
    "socials": true
  },
  "categories_list": {
    "featured": [
      "/removedores?Removedores",
      "/impermeabilizantes?Impermeabilizantes",
      "/antimofos?Antimofos"
    ],
    "random": 6,
    "full_width": false
  },
  "centralized_logo": false,
  "desktop_megamenu": false,
  "search_input": true,
  "alphabetical_order_submenu": false,
  "full_width_submenu": false
}